country,fecha,valor,fecha,valor,fecha,valor,fecha,valor,fecha,valor,fecha,valor,fecha,valor,fecha,valor,fecha,valor,fecha,valor,fecha,valor,fecha,valor,fecha,valor,fecha,valor,fecha,valor,fecha,valor,fecha,valor,fecha,valor,fecha,valor,fecha,valor,fecha,valor,fecha,valor,fecha,valor,fecha,valor,fecha,valor,fecha,valor,fecha,valor,fecha,valor,fecha,valor,fecha,valor,fecha,valor,fecha,valor,fecha,valor,fecha,valor,fecha,valor,fecha,valor,fecha,valor,fecha,valor,fecha,valor,fecha,valor,fecha,valor,fecha,valor,fecha,valor,fecha,valor,fecha,valor,fecha,valor,fecha,valor,fecha,valor,fecha,valor,fecha,valor,fecha,valor,fecha,valor,fecha,valor,fecha,valor,fecha,valor,fecha,valor,fecha,valor,fecha,valor,fecha,valor,fecha,valor,fecha,valor,fecha,valor,fecha,valor,fecha,valor,fecha,valor,fecha,valor,fecha,valor,fecha,valor,fecha,valor,fecha,valor,fecha,valor,fecha,valor,fecha,valor,fecha,valor,fecha,valor,fecha,valor,fecha,valor,fecha,valor,fecha,valor,fecha,valor,fecha,valor,fecha,valor,fecha,valor,fecha,valor,fecha,valor,fecha,valor,fecha,valor,fecha,valor,fecha,valor,fecha,valor,fecha,valor,fecha,valor,fecha,valor,fecha,valor,fecha,valor,fecha,valor,fecha,valor,fecha,valor,fecha,valor,fecha,valor,fecha,valor,fecha,valor,fecha,valor,fecha,valor,fecha,valor,fecha,valor,fecha,valor,fecha,valor,fecha,valor,fecha,valor,fecha,valor,fecha,valor,fecha,valor,fecha,valor,fecha,valor,fecha,valor,fecha,valor,fecha,valor,fecha,valor,fecha,valor,fecha,valor,fecha,valor,fecha,valor,fecha,valor,fecha,valor,fecha,valor,fecha,valor,fecha,valor,fecha,valor,fecha,valor,fecha,valor,fecha,valor,fecha,valor,fecha,valor,fecha,valor,fecha,valor,fecha,valor,fecha,valor,fecha,valor,fecha,valor,fecha,valor,fecha,valor,fecha,valor,fecha,valor,fecha,valor,fecha,valor,fecha,valor,fecha,valor,fecha,valor,fecha,valor,fecha,valor,fecha,valor,fecha,valor,fecha,valor,fecha,valor,fecha,valor,fecha,valor,fecha,valor,fecha,valor,fecha,valor,fecha,valor,fecha,valor,fecha,valor,fecha,valor,fecha,valor,fecha,valor,fecha,valor,fecha,valor,fecha,valor,fecha,valor,fecha,valor,fecha,valor,fecha,valor,fecha,valor,fecha,valor,fecha,valor,fecha,valor,fecha,valor,fecha,valor,fecha,valor,fecha,valor,fecha,valor,fecha,valor,fecha,valor,fecha,valor,fecha,valor,fecha,valor,fecha,valor,fecha,valor,fecha,valor,fecha,valor,fecha,valor,fecha,valor,fecha,valor,fecha,valor,fecha,valor,fecha,valor,fecha,valor,fecha,valor,fecha,valor,fecha,valor,fecha,valor,fecha,valor,fecha,valor,fecha,valor,fecha,valor,fecha,valor,fecha,valor,fecha,valor,fecha,valor,fecha,valor,fecha,valor,fecha,valor,fecha,valor,fecha,valor,fecha,valor,fecha,valor,fecha,valor,fecha,valor,fecha,valor,fecha,valor,fecha,valor
Austria,1/1/18,1205,8/1/18,1205,15/1/18,1207,22/1/18,1205,29/1/18,1209,5/2/18,1210,12/2/18,1198,19/2/18,1195,26/2/18,1181,5/3/18,1180,12/3/18,1162,19/3/18,1161,26/3/18,1175,9/4/18,1205,16/4/18,1217,23/4/18,1225,30/4/18,1242,7/5/18,1250,14/5/18,1267,21/5/18,1285,28/5/18,1311,4/6/18,1308,11/6/18,1295,18/6/18,1294,25/6/18,1281,2/7/18,1288,9/7/18,1292,16/7/18,1287,23/7/18,1280,30/7/18,1283,6/8/18,1289,13/8/18,1294,20/8/18,1298,27/8/18,1297,3/9/18,1310,10/9/18,1316,17/9/18,1324,24/9/18,1327,1/10/18,1328,8/10/18,1334,15/10/18,1336,22/10/18,1331,29/10/18,1325,5/11/18,1329,12/11/18,1317,19/11/18,1313,26/11/18,1310,3/12/18,1282,10/12/18,1242,17/12/18,1212,7/1/19,1172,14/1/19,1169,21/1/19,1168,28/1/19,1169,4/2/19,1160,11/2/19,1167,18/2/19,1178,25/2/19,1197,4/3/19,1189,11/3/19,1202,18/3/19,1207,25/3/19,1204,1/4/19,1224,8/4/19,1244,15/4/19,1271,29/4/19,1292,6/5/19,1288,13/5/19,1296,20/5/19,1306,27/5/19,1313,3/6/19,1267,10/6/19,1267,17/6/19,1263,24/6/19,1246,1/7/19,1254,8/7/19,1269,15/7/19,1274,22/7/19,1266,29/7/19,1263,5/8/19,1266,12/8/19,1247,19/8/19,1237,26/8/19,1239,2/9/19,1233,9/9/19,1246,16/9/19,1245,23/9/19,1269,30/9/19,1244,7/10/19,1248,14/10/19,1239,21/10/19,1232,28/10/19,1233,4/11/19,1233,11/11/19,1244,18/11/19,1238,25/11/19,1239,2/12/19,1243,9/12/19,1246,16/12/19,1228,6/1/20,1238,13/1/20,1243,20/1/20,1233,27/1/20,1225,3/2/20,1212,10/2/20,1201,17/2/20,1196,24/2/20,1211,2/3/20,1184,9/3/20,1071,16/3/20,1071,23/3/20,1085,30/3/20,1083,6/4/20,1086,20/4/20,1043,27/4/20,1035,4/5/20,1022,11/5/20,1019,18/5/20,992,25/5/20,1006,1/6/20,1011,8/6/20,1021,15/6/20,1021,22/6/20,1035,29/6/20,1048,6/7/20,1046,13/7/20,1056,20/7/20,1059,27/7/20,1061,3/8/20,1059,10/8/20,1058,17/8/20,1062,24/8/20,1061,31/8/20,1074,7/9/20,1070,14/9/20,1066,21/9/20,1065,28/9/20,1063,5/10/20,1066,12/10/20,1065,19/10/20,1059,2/11/20,1048,9/11/20,1041,16/11/20,1041,23/11/20,1063,30/11/20,1061,7/12/20,1073,14/12/20,1072,21/12/20,1072,11/1/21,1093,18/1/21,1119,25/1/21,1128,1/2/21,1125,8/2/21,1143,15/2/21,1150,22/2/21,1166,1/3/21,1181,8/3/21,1196,15/3/21,1216,22/3/21,1209,29/3/21,1214,12/4/21,1218,19/4/21,1225,26/4/21,1232,3/5/21,,17/5/21,1246,24/5/21,1243,31/5/21,1245,7/6/21,1250,14/6/21,1253,21/6/21,1267,28/6/21,1278,5/7/21,1283,12/7/21,1307,19/7/21,1312,26/7/21,1317,2/8/21,1329,9/8/21,1330,16/8/21,1328,23/8/21,1320,30/8/21,1326,6/9/21,1323,13/9/21,1325,20/9/21,1321,27/9/21,1325,4/10/21,1342,11/10/21,1382,18/10/21,1398,25/10/21,1404,1/11/21,1410,8/11/21,1427,15/11/21,1425,22/11/21,1425,29/11/21,1426,6/12/21,1405,13/12/21,1397,20/12/21,1398,3/1/22,1395,10/1/22,1406,17/1/22,1418,24/1/22,1427,31/1/22,1439,7/2/22,1453,14/2/22,1470,21/2/22,1478,28/2/22,1528,7/3/22,1691,14/3/22,1987,21/3/22,1738,28/3/22,1756,4/4/22,1716,11/4/22,1689,25/4/22,1719,2/5/22,1732,9/5/22,1755,16/5/22,1774,23/5/22,1808,30/5/22,1826,6/6/22,1988,13/6/22,2048,20/6/22,2089,27/6/22,2102,4/7/22,2086
Bélgica,1/1/18,1349,8/1/18,1362,15/1/18,1366,22/1/18,1351,29/1/18,1363,5/2/18,1369,12/2/18,1363,19/2/18,1330,26/2/18,1374,5/3/18,1334,12/3/18,1278,19/3/18,1319,26/3/18,1327,9/4/18,1393,16/4/18,1395,23/4/18,1384,30/4/18,1409,7/5/18,1440,14/5/18,1404,21/5/18,1457,28/5/18,1455,4/6/18,1490,11/6/18,1411,18/6/18,1443,25/6/18,1438,2/7/18,1489,9/7/18,1433,16/7/18,1444,23/7/18,1407,30/7/18,1428,6/8/18,1449,13/8/18,1439,20/8/18,1433,27/8/18,1470,3/9/18,1455,10/9/18,1526,17/9/18,1450,24/9/18,1449,1/10/18,1420,8/10/18,1477,15/10/18,1418,22/10/18,1428,29/10/18,1428,5/11/18,1454,12/11/18,1410,19/11/18,1362,26/11/18,1330,3/12/18,1331,10/12/18,1304,17/12/18,1326,7/1/19,1293,14/1/19,1272,21/1/19,1303,28/1/19,1284,4/2/19,1310,11/2/19,1304,18/2/19,1313,25/2/19,1329,4/3/19,1327,11/3/19,1346,18/3/19,1371,25/3/19,1395,1/4/19,1384,8/4/19,1421,15/4/19,1419,29/4/19,1479,6/5/19,1558,13/5/19,1477,20/5/19,1439,27/5/19,1496,3/6/19,1425,10/6/19,1425,17/6/19,1379,24/6/19,1416,1/7/19,1395,8/7/19,1420,15/7/19,1432,22/7/19,1445,29/7/19,1444,5/8/19,1442,12/8/19,1362,19/8/19,1438,26/8/19,1381,2/9/19,1366,9/9/19,1362,16/9/19,1367,23/9/19,1387,30/9/19,1401,7/10/19,1410,14/10/19,1403,21/10/19,1367,28/10/19,1364,4/11/19,1382,11/11/19,1382,18/11/19,1388,25/11/19,1388,2/12/19,1373,9/12/19,1392,16/12/19,1408,6/1/20,1445,13/1/20,1414,20/1/20,1412,27/1/20,1406,3/2/20,1354,10/2/20,1390,17/2/20,1363,24/2/20,1375,2/3/20,1377,9/3/20,1210,16/3/20,1210,23/3/20,1076,30/3/20,1058,6/4/20,1095,20/4/20,1342,27/4/20,1103,4/5/20,1145,11/5/20,1155,18/5/20,1170,25/5/20,1190,1/6/20,1216,8/6/20,1227,15/6/20,1227,22/6/20,1248,29/6/20,1245,6/7/20,1281,13/7/20,1306,20/7/20,1266,27/7/20,1296,3/8/20,1311,10/8/20,1303,17/8/20,1308,24/8/20,1312,31/8/20,1320,7/9/20,1348,14/9/20,1323,21/9/20,1288,28/9/20,1316,5/10/20,1296,12/10/20,1290,19/10/20,1305,2/11/20,1265,9/11/20,1235,16/11/20,1240,23/11/20,1265,30/11/20,1267,7/12/20,1262,14/12/20,1281,21/12/20,1301,11/1/21,1265,18/1/21,1295,25/1/21,1314,1/2/21,1307,8/2/21,1338,15/2/21,1345,22/2/21,1355,1/3/21,1360,8/3/21,1406,15/3/21,1437,22/3/21,1427,29/3/21,1412,12/4/21,1405,19/4/21,1414,26/4/21,1420,3/5/21,1447,17/5/21,1495,24/5/21,1478,31/5/21,1443,7/6/21,1435,14/6/21,1461,21/6/21,1481,28/6/21,1498,5/7/21,1498,12/7/21,1491,19/7/21,1492,26/7/21,1512,2/8/21,1523,9/8/21,1514,16/8/21,1503,23/8/21,1533,30/8/21,1499,6/9/21,1510,13/9/21,1511,20/9/21,1535,27/9/21,1522,4/10/21,1543,11/10/21,1568,18/10/21,1621,25/10/21,1629,1/11/21,1644,8/11/21,1673,15/11/21,1717,22/11/21,1717,29/11/21,1641,6/12/21,1581,13/12/21,1561,20/12/21,1615,3/1/22,1640,10/1/22,1646,17/1/22,1625,24/1/22,1648,31/1/22,1656,7/2/22,1673,14/2/22,1684,21/2/22,1701,28/2/22,1734,7/3/22,1811,14/3/22,1950,21/3/22,1753,28/3/22,1760,4/4/22,1807,11/4/22,1787,25/4/22,1763,2/5/22,1821,9/5/22,1875,16/5/22,1925,23/5/22,1967,30/5/22,1947,6/6/22,2023,13/6/22,2107,20/6/22,2110,27/6/22,2042,4/7/22,2006
Bulgaria,1/1/18,1043,8/1/18,1044,15/1/18,1044,22/1/18,1044,29/1/18,1048,5/2/18,1056,12/2/18,1059,19/2/18,1049,26/2/18,1045,5/3/18,1042,12/3/18,1040,19/3/18,1041,26/3/18,1040,9/4/18,1043,16/4/18,1047,23/4/18,1054,30/4/18,1063,7/5/18,1078,14/5/18,1088,21/5/18,1103,28/5/18,1115,4/6/18,1124,11/6/18,1132,18/6/18,1138,25/6/18,1137,2/7/18,1133,9/7/18,1133,16/7/18,1134,23/7/18,1134,30/7/18,1133,6/8/18,1137,13/8/18,1139,20/8/18,1139,27/8/18,1139,3/9/18,1141,10/9/18,1143,17/9/18,1147,24/9/18,1151,1/10/18,1151,8/10/18,1155,15/10/18,1170,22/10/18,1184,29/10/18,1197,5/11/18,1187,12/11/18,1155,19/11/18,1097,26/11/18,1058,3/12/18,1033,10/12/18,1006,17/12/18,1001,7/1/19,979,14/1/19,976,21/1/19,975,28/1/19,994,4/2/19,983,11/2/19,993,18/2/19,1002,25/2/19,1012,4/3/19,1031,11/3/19,1036,18/3/19,1041,25/3/19,1058,1/4/19,1064,8/4/19,1065,15/4/19,1134,29/4/19,1098,6/5/19,1111,13/5/19,1123,20/5/19,1134,27/5/19,1136,3/6/19,1126,10/6/19,1126,17/6/19,1116,24/6/19,1109,1/7/19,1108,8/7/19,1113,15/7/19,1111,22/7/19,1115,29/7/19,1113,5/8/19,1113,12/8/19,1111,19/8/19,1109,26/8/19,1107,2/9/19,1105,9/9/19,1100,16/9/19,1100,23/9/19,1105,30/9/19,1109,7/10/19,1111,14/10/19,1108,21/10/19,1107,28/10/19,1108,4/11/19,1107,11/11/19,1109,18/11/19,1109,25/11/19,1105,2/12/19,1105,9/12/19,1105,16/12/19,1106,6/1/20,1108,13/1/20,1110,20/1/20,1109,27/1/20,1109,3/2/20,1107,10/2/20,1107,17/2/20,1105,24/2/20,1102,2/3/20,1099,9/3/20,1059,16/3/20,1059,23/3/20,1013,30/3/20,958,6/4/20,910,20/4/20,880,27/4/20,868,4/5/20,843,11/5/20,822,18/5/20,817,25/5/20,826,1/6/20,834,8/6/20,842,15/6/20,842,22/6/20,849,29/6/20,857,6/7/20,864,13/7/20,873,20/7/20,878,27/7/20,883,3/8/20,883,10/8/20,891,17/8/20,893,24/8/20,893,31/8/20,893,7/9/20,896,14/9/20,895,21/9/20,893,28/9/20,892,5/10/20,893,12/10/20,896,19/10/20,897,2/11/20,899,9/11/20,896,16/11/20,895,23/11/20,894,30/11/20,894,7/12/20,894,14/12/20,894,21/12/20,896,11/1/21,907,18/1/21,917,25/1/21,917,1/2/21,937,8/2/21,943,15/2/21,954,22/2/21,954,1/3/21,954,8/3/21,954,15/3/21,954,22/3/21,1019,29/3/21,1021,12/4/21,1028,19/4/21,1032,26/4/21,1031,3/5/21,1033,17/5/21,1033,24/5/21,1039,31/5/21,1039,7/6/21,1039,14/6/21,1044,21/6/21,1044,28/6/21,1062,5/7/21,1074,12/7/21,1074,19/7/21,1099,26/7/21,1099,2/8/21,1099,9/8/21,1131,16/8/21,1131,23/8/21,1131,30/8/21,1134,6/9/21,1132,13/9/21,1133,20/9/21,1136,27/9/21,1136,4/10/21,1143,11/10/21,1158,18/10/21,1179,25/10/21,1189,1/11/21,1199,8/11/21,1209,15/11/21,1214,22/11/21,1214,29/11/21,1213,6/12/21,1203,13/12/21,1192,20/12/21,1192,3/1/22,1192,10/1/22,1192,17/1/22,1192,24/1/22,1227,31/1/22,1240,7/2/22,1255,14/2/22,1264,21/2/22,1283,28/2/22,1334,7/3/22,1374,14/3/22,1444,21/3/22,1467,28/3/22,1463,4/4/22,1480,11/4/22,1485,25/4/22,1485,2/5/22,1495,9/5/22,1518,16/5/22,1541,23/5/22,1577,30/5/22,1594,6/6/22,1624,13/6/22,1665,20/6/22,1690,27/6/22,1714,4/7/22,1724
Croacia,1/1/18,1305,8/1/18,1314,15/1/18,1308,22/1/18,1315,29/1/18,1316,5/2/18,1325,12/2/18,1310,19/2/18,1289,26/2/18,1265,5/3/18,1279,12/3/18,1283,19/3/18,1279,26/3/18,1288,9/4/18,1322,16/4/18,1317,23/4/18,1334,30/4/18,1339,7/5/18,1361,14/5/18,1370,21/5/18,1397,28/5/18,1412,4/6/18,1431,11/6/18,1421,18/6/18,1404,25/6/18,1396,2/7/18,1392,9/7/18,1401,16/7/18,1408,23/7/18,1404,30/7/18,1381,6/8/18,1406,13/8/18,1400,20/8/18,1397,27/8/18,1395,3/9/18,1404,10/9/18,1412,17/9/18,1406,24/9/18,1398,1/10/18,1393,8/10/18,1412,15/10/18,1440,22/10/18,1414,29/10/18,1384,5/11/18,1373,12/11/18,1358,19/11/18,1321,26/11/18,1302,3/12/18,1278,10/12/18,1265,17/12/18,1258,7/1/19,1217,14/1/19,1230,21/1/19,1250,28/1/19,1254,4/2/19,1260,11/2/19,1259,18/2/19,1266,25/2/19,1284,4/3/19,1312,11/3/19,1312,18/3/19,1330,25/3/19,1347,1/4/19,1351,8/4/19,1369,15/4/19,1389,29/4/19,1406,6/5/19,1422,13/5/19,1409,20/5/19,1383,27/5/19,1397,3/6/19,1379,10/6/19,1379,17/6/19,1336,24/6/19,1344,1/7/19,1345,8/7/19,1365,15/7/19,1372,22/7/19,1405,29/7/19,1388,5/8/19,1384,12/8/19,1379,19/8/19,1335,26/8/19,1325,2/9/19,1324,9/9/19,1334,16/9/19,1326,23/9/19,1337,30/9/19,1377,7/10/19,1356,14/10/19,1345,21/10/19,1336,28/10/19,1317,4/11/19,1324,11/11/19,1341,18/11/19,1351,25/11/19,1349,2/12/19,1360,9/12/19,1359,16/12/19,1341,6/1/20,1364,13/1/20,1357,20/1/20,1360,27/1/20,1352,3/2/20,1342,10/2/20,1319,17/2/20,1309,24/2/20,1314,2/3/20,1327,9/3/20,1229,16/3/20,1229,23/3/20,1171,30/3/20,1125,6/4/20,1058,20/4/20,1048,27/4/20,1052,4/5/20,1028,11/5/20,1044,18/5/20,1086,25/5/20,1090,1/6/20,1135,8/6/20,1159,15/6/20,1159,22/6/20,1173,29/6/20,1191,6/7/20,1206,13/7/20,1208,20/7/20,1219,27/7/20,1216,3/8/20,1221,10/8/20,1206,17/8/20,1206,24/8/20,1219,31/8/20,1223,7/9/20,1232,14/9/20,1218,21/9/20,1210,28/9/20,1220,5/10/20,1211,12/10/20,1207,19/10/20,1208,2/11/20,1187,9/11/20,1160,16/11/20,1164,23/11/20,1186,30/11/20,1181,7/12/20,1203,14/12/20,1208,21/12/20,1214,11/1/21,1219,18/1/21,1241,25/1/21,1266,1/2/21,1268,8/2/21,1269,15/2/21,1288,22/2/21,1301,1/3/21,1322,8/3/21,1340,15/3/21,1349,22/3/21,1377,29/3/21,1368,12/4/21,1368,19/4/21,1357,26/4/21,1370,3/5/21,1373,17/5/21,1399,24/5/21,1392,31/5/21,1379,7/6/21,1385,14/6/21,1401,21/6/21,1406,28/6/21,1418,5/7/21,1443,12/7/21,1452,19/7/21,1456,26/7/21,1463,2/8/21,1448,9/8/21,1477,16/8/21,1459,23/8/21,1453,30/8/21,1434,6/9/21,1447,13/9/21,1467,20/9/21,1485,27/9/21,1480,4/10/21,1469,11/10/21,1494,18/10/21,1478,25/10/21,1474,1/11/21,1475,8/11/21,1476,15/11/21,1484,22/11/21,1484,29/11/21,1482,6/12/21,1482,13/12/21,1449,20/12/21,1485,3/1/22,1484,10/1/22,1486,17/1/22,1495,24/1/22,1524,31/1/22,1524,7/2/22,1536,14/2/22,1528,21/2/22,1528,28/2/22,1526,7/3/22,1537,14/3/22,1625,21/3/22,1737,28/3/22,1591,4/4/22,1678,11/4/22,1629,25/4/22,1642,2/5/22,1665,9/5/22,1706,16/5/22,1790,23/5/22,1807,30/5/22,1867,6/6/22,1873,13/6/22,1829,20/6/22,1830,27/6/22,1848,4/7/22,1850
Chipre,1/1/18,1224,8/1/18,1232,15/1/18,1233,22/1/18,1231,29/1/18,1231,5/2/18,1236,12/2/18,1238,19/2/18,1231,26/2/18,1229,5/3/18,1222,12/3/18,1219,19/3/18,1219,26/3/18,1218,9/4/18,1227,16/4/18,1237,23/4/18,1244,30/4/18,1249,7/5/18,1276,14/5/18,1281,21/5/18,1290,28/5/18,1325,4/6/18,1331,11/6/18,1331,18/6/18,1328,25/6/18,1320,2/7/18,1315,9/7/18,1312,16/7/18,1322,23/7/18,1321,30/7/18,1315,6/8/18,1317,13/8/18,1318,20/8/18,1318,27/8/18,1318,3/9/18,1318,10/9/18,1323,17/9/18,1326,24/9/18,1323,1/10/18,1317,8/10/18,1321,15/10/18,1341,22/10/18,1335,29/10/18,1324,5/11/18,1313,12/11/18,1301,19/11/18,1273,26/11/18,1269,3/12/18,1244,10/12/18,1208,17/12/18,1207,7/1/19,1090,14/1/19,1081,21/1/19,1082,28/1/19,1093,4/2/19,1106,11/2/19,1107,18/2/19,1109,25/2/19,1126,4/3/19,1142,11/3/19,1149,18/3/19,1159,25/3/19,1177,1/4/19,1182,8/4/19,1191,15/4/19,1210,29/4/19,1231,6/5/19,1238,13/5/19,1255,20/5/19,1243,27/5/19,1245,3/6/19,1242,10/6/19,1242,17/6/19,1201,24/6/19,1190,1/7/19,1189,8/7/19,1195,15/7/19,1200,22/7/19,1222,29/7/19,1223,5/8/19,1221,12/8/19,1224,19/8/19,1220,26/8/19,1196,2/9/19,1186,9/9/19,1180,16/9/19,1178,23/9/19,1186,30/9/19,1198,7/10/19,1203,14/10/19,1197,21/10/19,1190,28/10/19,1179,4/11/19,1178,11/11/19,1178,18/11/19,1189,25/11/19,1186,2/12/19,1186,9/12/19,1189,16/12/19,1186,6/1/20,1178,13/1/20,1183,20/1/20,1196,27/1/20,1201,3/2/20,1205,10/2/20,1206,17/2/20,1204,24/2/20,1201,2/3/20,1200,9/3/20,1171,16/3/20,1171,23/3/20,1061,30/3/20,1052,6/4/20,1028,20/4/20,1003,27/4/20,998,4/5/20,979,11/5/20,962,18/5/20,967,25/5/20,960,1/6/20,960,8/6/20,1022,15/6/20,1022,22/6/20,1033,29/6/20,1066,6/7/20,1064,13/7/20,1064,20/7/20,1078,27/7/20,1074,3/8/20,1074,10/8/20,1073,17/8/20,1072,24/8/20,1073,31/8/20,1071,7/9/20,1071,14/9/20,1084,21/9/20,1083,28/9/20,1079,5/10/20,1076,12/10/20,1075,19/10/20,1074,2/11/20,1075,9/11/20,1073,16/11/20,1067,23/11/20,1064,30/11/20,1064,7/12/20,1064,14/12/20,1066,21/12/20,1067,11/1/21,1073,18/1/21,1076,25/1/21,1080,1/2/21,1085,8/2/21,1090,15/2/21,1102,22/2/21,1112,1/3/21,1137,8/3/21,1144,15/3/21,1154,22/3/21,1171,29/3/21,1165,12/4/21,1184,19/4/21,1188,26/4/21,1209,3/5/21,1212,17/5/21,1226,24/5/21,1228,31/5/21,1228,7/6/21,1230,14/6/21,1240,21/6/21,1247,28/6/21,1258,5/7/21,1273,12/7/21,1283,19/7/21,1287,26/7/21,1300,2/8/21,1300,9/8/21,1308,16/8/21,1308,23/8/21,1308,30/8/21,1299,6/9/21,1296,13/9/21,1296,20/9/21,1298,27/9/21,1308,4/10/21,1309,11/10/21,1324,18/10/21,1333,25/10/21,1348,1/11/21,1350,8/11/21,1365,15/11/21,1364,22/11/21,1364,29/11/21,1361,6/12/21,1344,13/12/21,1340,20/12/21,1323,3/1/22,1315,10/1/22,1316,17/1/22,1319,24/1/22,1337,31/1/22,1355,7/2/22,1378,14/2/22,1403,21/2/22,1421,28/2/22,1426,7/3/22,1437,14/3/22,1408,21/3/22,1407,28/3/22,1426,4/4/22,1460,11/4/22,1487,25/4/22,1507,2/5/22,1526,9/5/22,1566,16/5/22,1603,23/5/22,1670,30/5/22,1715,6/6/22,1760,13/6/22,1783,20/6/22,1800,27/6/22,1819,4/7/22,1826
República Checa,1/1/18,1193,8/1/18,1191,15/1/18,1197,22/1/18,1206,29/1/18,1214,5/2/18,1220,12/2/18,1212,19/2/18,1206,26/2/18,1199,5/3/18,1197,12/3/18,1194,19/3/18,1192,26/3/18,1191,9/4/18,1207,16/4/18,1217,23/4/18,1216,30/4/18,1216,7/5/18,1230,14/5/18,1242,21/5/18,1251,28/5/18,1278,4/6/18,1291,11/6/18,1294,18/6/18,1287,25/6/18,1272,2/7/18,1268,9/7/18,1282,16/7/18,1280,23/7/18,1276,30/7/18,1285,6/8/18,1289,13/8/18,1288,20/8/18,1286,27/8/18,1284,3/9/18,1290,10/9/18,1297,17/9/18,1307,24/9/18,1299,1/10/18,1292,8/10/18,1298,15/10/18,1299,22/10/18,1294,29/10/18,1293,5/11/18,1289,12/11/18,1278,19/11/18,,26/11/18,,3/12/18,,10/12/18,,17/12/18,,7/1/19,,14/1/19,,21/1/19,,28/1/19,,4/2/19,,11/2/19,,18/2/19,,25/2/19,,4/3/19,,11/3/19,,18/3/19,,25/3/19,,1/4/19,,8/4/19,,15/4/19,,29/4/19,,6/5/19,,13/5/19,,20/5/19,,27/5/19,,3/6/19,,10/6/19,,17/6/19,,24/6/19,,1/7/19,,8/7/19,,15/7/19,,22/7/19,,29/7/19,,5/8/19,,12/8/19,,19/8/19,,26/8/19,,2/9/19,,9/9/19,,16/9/19,,23/9/19,,30/9/19,,7/10/19,,14/10/19,,21/10/19,,28/10/19,,4/11/19,,11/11/19,,18/11/19,,25/11/19,,2/12/19,,9/12/19,,16/12/19,,6/1/20,,13/1/20,,20/1/20,,27/1/20,,3/2/20,,10/2/20,,17/2/20,,24/2/20,,2/3/20,,9/3/20,,16/3/20,,23/3/20,,30/3/20,,6/4/20,,20/4/20,,27/4/20,,4/5/20,,11/5/20,,18/5/20,,25/5/20,,1/6/20,,8/6/20,,15/6/20,,22/6/20,,29/6/20,,6/7/20,,13/7/20,,20/7/20,,27/7/20,,3/8/20,,10/8/20,,17/8/20,,24/8/20,,31/8/20,,7/9/20,,14/9/20,,21/9/20,,28/9/20,,5/10/20,,12/10/20,,19/10/20,,2/11/20,,9/11/20,,16/11/20,,23/11/20,,30/11/20,,7/12/20,,14/12/20,,21/12/20,,11/1/21,,18/1/21,,25/1/21,,1/2/21,,8/2/21,,15/2/21,,22/2/21,,1/3/21,,8/3/21,,15/3/21,,22/3/21,,29/3/21,,12/4/21,,19/4/21,,26/4/21,,3/5/21,,17/5/21,,24/5/21,,31/5/21,,7/6/21,,14/6/21,,21/6/21,,28/6/21,,5/7/21,,12/7/21,,19/7/21,,26/7/21,,2/8/21,,9/8/21,,16/8/21,,23/8/21,,30/8/21,,6/9/21,,13/9/21,,20/9/21,,27/9/21,,4/10/21,,11/10/21,,18/10/21,,25/10/21,,1/11/21,,8/11/21,,15/11/21,,22/11/21,,29/11/21,,6/12/21,,13/12/21,,20/12/21,,3/1/22,,10/1/22,,17/1/22,,24/1/22,,31/1/22,,7/2/22,,14/2/22,,21/2/22,,28/2/22,,7/3/22,,14/3/22,,21/3/22,,28/3/22,,4/4/22,,11/4/22,,25/4/22,,2/5/22,,9/5/22,,16/5/22,,23/5/22,,30/5/22,,6/6/22,,13/6/22,,20/6/22,,27/6/22,,4/7/22,
Dinamarca,1/1/18,1547,8/1/18,1534,15/1/18,1533,22/1/18,1534,29/1/18,1548,5/2/18,1534,12/2/18,1520,19/2/18,1497,26/2/18,1497,5/3/18,1497,12/3/18,1483,19/3/18,1510,26/3/18,1551,9/4/18,1551,16/4/18,1564,23/4/18,1578,30/4/18,1577,7/5/18,1604,14/5/18,1644,21/5/18,1672,28/5/18,1672,4/6/18,1659,11/6/18,1644,18/6/18,1631,25/6/18,1617,2/7/18,1644,9/7/18,1644,16/7/18,1643,23/7/18,1658,30/7/18,1658,6/8/18,1668,13/8/18,1654,20/8/18,1653,27/8/18,1653,3/9/18,1668,10/9/18,1653,17/9/18,1653,24/9/18,1653,1/10/18,1654,8/10/18,1682,15/10/18,1628,22/10/18,1615,29/10/18,1602,5/11/18,1613,12/11/18,1572,19/11/18,1558,26/11/18,1505,3/12/18,1477,10/12/18,1503,17/12/18,1503,7/1/19,1493,14/1/19,1507,21/1/19,1507,28/1/19,1507,4/2/19,1504,11/2/19,1505,18/2/19,1545,25/2/19,1552,4/3/19,1552,11/3/19,1566,18/3/19,1579,25/3/19,1618,1/4/19,1618,8/4/19,1658,15/4/19,1672,29/4/19,1699,6/5/19,1685,13/5/19,1671,20/5/19,1701,27/5/19,1700,3/6/19,1607,10/6/19,1607,17/6/19,1607,24/6/19,1607,1/7/19,1634,8/7/19,1635,15/7/19,1661,22/7/19,1621,29/7/19,1647,5/8/19,1648,12/8/19,1594,19/8/19,1596,26/8/19,1596,2/9/19,1596,9/9/19,1609,16/9/19,1580,23/9/19,1673,30/9/19,1673,7/10/19,1607,14/10/19,1580,21/10/19,1606,28/10/19,1593,4/11/19,1593,11/11/19,1606,18/11/19,1619,25/11/19,1606,2/12/19,1620,9/12/19,1615,16/12/19,1629,6/1/20,1668,13/1/20,1641,20/1/20,1628,27/1/20,1615,3/2/20,1588,10/2/20,1561,17/2/20,1575,24/2/20,1602,2/3/20,1548,9/3/20,1391,16/3/20,1391,23/3/20,1325,30/3/20,1312,6/4/20,1272,20/4/20,1273,27/4/20,1260,4/5/20,1286,11/5/20,1313,18/5/20,1328,25/5/20,1354,1/6/20,1354,8/6/20,1394,15/6/20,1394,22/6/20,1450,29/6/20,1423,6/7/20,1450,13/7/20,1465,20/7/20,1437,27/7/20,1452,3/8/20,1424,10/8/20,1451,17/8/20,1470,24/8/20,1484,31/8/20,1484,7/9/20,1471,14/9/20,1471,21/9/20,1498,28/9/20,1470,5/10/20,1471,12/10/20,1484,19/10/20,1458,2/11/20,1403,9/11/20,1403,16/11/20,1429,23/11/20,1416,30/11/20,1444,7/12/20,1457,14/12/20,1471,21/12/20,1458,11/1/21,1503,18/1/21,1516,25/1/21,1516,1/2/21,1516,8/2/21,1543,15/2/21,1543,22/2/21,1570,1/3/21,1584,8/3/21,1609,15/3/21,1636,22/3/21,1623,29/3/21,1623,12/4/21,1622,19/4/21,1636,26/4/21,1636,3/5/21,1650,17/5/21,1650,24/5/21,1636,31/5/21,1649,7/6/21,1663,14/6/21,1676,21/6/21,1648,28/6/21,1675,5/7/21,1689,12/7/21,1688,19/7/21,1702,26/7/21,1688,2/8/21,1702,9/8/21,1702,16/8/21,1702,23/8/21,1675,30/8/21,1702,6/9/21,1715,13/9/21,1715,20/9/21,1716,27/9/21,1713,4/10/21,1766,11/10/21,1779,18/10/21,1806,25/10/21,1819,1/11/21,1833,8/11/21,1874,15/11/21,1834,22/11/21,1834,29/11/21,1820,6/12/21,1726,13/12/21,1777,20/12/21,1764,3/1/22,1804,10/1/22,1804,17/1/22,1816,24/1/22,1843,31/1/22,1857,7/2/22,1869,14/2/22,1897,21/2/22,1911,28/2/22,1951,7/3/22,2072,14/3/22,2072,21/3/22,2046,28/3/22,2127,4/4/22,2087,11/4/22,2020,25/4/22,2087,2/5/22,2181,9/5/22,2208,16/5/22,2221,23/5/22,2315,30/5/22,2410,6/6/22,2544,13/6/22,2490,20/6/22,2435,27/6/22,2435,4/7/22,2382
Estonia,1/1/18,1237,8/1/18,1245,15/1/18,1313,22/1/18,1309,29/1/18,1333,5/2/18,1331,12/2/18,1306,19/2/18,1278,26/2/18,1282,5/3/18,1281,12/3/18,1289,19/3/18,1290,26/3/18,1290,9/4/18,1332,16/4/18,1332,23/4/18,1277,30/4/18,1342,7/5/18,1333,14/5/18,1360,21/5/18,1354,28/5/18,1365,4/6/18,1381,11/6/18,1375,18/6/18,1350,25/6/18,1320,2/7/18,1373,9/7/18,1365,16/7/18,1339,23/7/18,1370,30/7/18,1351,6/8/18,1380,13/8/18,1368,20/8/18,1375,27/8/18,1343,3/9/18,1343,10/9/18,1320,17/9/18,1372,24/9/18,1372,1/10/18,1378,8/10/18,1380,15/10/18,1397,22/10/18,1376,29/10/18,1394,5/11/18,1381,12/11/18,1350,19/11/18,1327,26/11/18,1295,3/12/18,1260,10/12/18,1260,17/12/18,1260,7/1/19,1240,14/1/19,1210,21/1/19,1255,28/1/19,1258,4/2/19,1280,11/2/19,1249,18/2/19,1263,25/2/19,1298,4/3/19,1303,11/3/19,1309,18/3/19,1284,25/3/19,1331,1/4/19,1313,8/4/19,1386,15/4/19,1415,29/4/19,1425,6/5/19,1425,13/5/19,1385,20/5/19,1414,27/5/19,1426,3/6/19,1377,10/6/19,1377,17/6/19,1357,24/6/19,1321,1/7/19,1344,8/7/19,1352,15/7/19,1361,22/7/19,1362,29/7/19,1366,5/8/19,1361,12/8/19,1361,19/8/19,1351,26/8/19,1330,2/9/19,1328,9/9/19,1322,16/9/19,1296,23/9/19,1335,30/9/19,1352,7/10/19,1372,14/10/19,1349,21/10/19,1351,28/10/19,1356,4/11/19,1357,11/11/19,1333,18/11/19,1350,25/11/19,1355,2/12/19,1310,9/12/19,1383,16/12/19,1392,6/1/20,1379,13/1/20,1405,20/1/20,1410,27/1/20,1415,3/2/20,1345,10/2/20,1318,17/2/20,1386,24/2/20,1385,2/3/20,1363,9/3/20,1299,16/3/20,1299,23/3/20,1249,30/3/20,1248,6/4/20,1248,20/4/20,1199,27/4/20,1199,4/5/20,1147,11/5/20,1146,18/5/20,1146,25/5/20,1147,1/6/20,1177,8/6/20,1194,15/6/20,1194,22/6/20,1194,29/6/20,1194,6/7/20,1194,13/7/20,1235,20/7/20,1255,27/7/20,1251,3/8/20,1253,10/8/20,1253,17/8/20,1253,24/8/20,1253,31/8/20,1253,7/9/20,1253,14/9/20,1253,21/9/20,1253,28/9/20,1253,5/10/20,1229,12/10/20,1229,19/10/20,1229,2/11/20,1229,9/11/20,1229,16/11/20,1229,23/11/20,1229,30/11/20,1229,7/12/20,1229,14/12/20,1244,21/12/20,1244,11/1/21,1244,18/1/21,1274,25/1/21,1277,1/2/21,1277,8/2/21,1277,15/2/21,1317,22/2/21,1317,1/3/21,1357,8/3/21,1346,15/3/21,1346,22/3/21,1381,29/3/21,1375,12/4/21,1375,19/4/21,1375,26/4/21,1375,3/5/21,1380,17/5/21,1365,24/5/21,1393,31/5/21,1389,7/6/21,1389,14/6/21,1415,21/6/21,1415,28/6/21,1426,5/7/21,1426,12/7/21,1462,19/7/21,1462,26/7/21,1449,2/8/21,1449,9/8/21,1447,16/8/21,1447,23/8/21,1456,30/8/21,1450,6/9/21,1450,13/9/21,1450,20/9/21,1454,27/9/21,1469,4/10/21,1488,11/10/21,1527,18/10/21,1548,25/10/21,1574,1/11/21,1570,8/11/21,1573,15/11/21,1579,22/11/21,1579,29/11/21,1540,6/12/21,1547,13/12/21,1527,20/12/21,1512,3/1/22,1602,10/1/22,1545,17/1/22,1584,24/1/22,1586,31/1/22,1616,7/2/22,1636,14/2/22,1648,21/2/22,1664,28/2/22,1687,7/3/22,1776,14/3/22,1930,21/3/22,1834,28/3/22,1869,4/4/22,1843,11/4/22,1785,25/4/22,1834,2/5/22,1894,9/5/22,1894,16/5/22,1956,23/5/22,1995,30/5/22,2011,6/6/22,2112,13/6/22,2119,20/6/22,2169,27/6/22,2147,4/7/22,2169
Finlandia,1/1/18,1456,8/1/18,1465,15/1/18,1475,22/1/18,1445,29/1/18,1461,5/2/18,1458,12/2/18,1456,19/2/18,1452,26/2/18,1449,5/3/18,1458,12/3/18,1442,19/3/18,1437,26/3/18,1446,9/4/18,1467,16/4/18,1472,23/4/18,1477,30/4/18,1499,7/5/18,1526,14/5/18,1512,21/5/18,1564,28/5/18,1579,4/6/18,1585,11/6/18,1583,18/6/18,1568,25/6/18,1563,2/7/18,1541,9/7/18,1566,16/7/18,1533,23/7/18,1552,30/7/18,1552,6/8/18,1583,13/8/18,1554,20/8/18,1584,27/8/18,1581,3/9/18,1550,10/9/18,1583,17/9/18,1590,24/9/18,1557,1/10/18,1567,8/10/18,1603,15/10/18,1562,22/10/18,1567,29/10/18,1591,5/11/18,1551,12/11/18,1560,19/11/18,1537,26/11/18,1518,3/12/18,1484,10/12/18,1472,17/12/18,1484,7/1/19,1419,14/1/19,1440,21/1/19,1439,28/1/19,1438,4/2/19,1412,11/2/19,1433,18/2/19,1447,25/2/19,1427,4/3/19,1473,11/3/19,1474,18/3/19,1475,25/3/19,1476,1/4/19,1500,8/4/19,1537,15/4/19,1560,29/4/19,1592,6/5/19,1590,13/5/19,1585,20/5/19,1604,27/5/19,1603,3/6/19,1583,10/6/19,1583,17/6/19,1569,24/6/19,1553,1/7/19,1537,8/7/19,1556,15/7/19,1561,22/7/19,1548,29/7/19,1575,5/8/19,1568,12/8/19,1544,19/8/19,1552,26/8/19,1542,2/9/19,1509,9/9/19,1518,16/9/19,1524,23/9/19,1566,30/9/19,1545,7/10/19,1537,14/10/19,1527,21/10/19,1538,28/10/19,1521,4/11/19,1512,11/11/19,1529,18/11/19,1524,25/11/19,1537,2/12/19,1518,9/12/19,1535,16/12/19,1532,6/1/20,1564,13/1/20,1567,20/1/20,1558,27/1/20,1530,3/2/20,1535,10/2/20,1517,17/2/20,1597,24/2/20,1599,2/3/20,1502,9/3/20,1424,16/3/20,1424,23/3/20,1462,30/3/20,1352,6/4/20,1332,20/4/20,1291,27/4/20,1287,4/5/20,1279,11/5/20,1244,18/5/20,1287,25/5/20,1263,1/6/20,1303,8/6/20,1327,15/6/20,1327,22/6/20,1326,29/6/20,1360,6/7/20,1357,13/7/20,1378,20/7/20,1390,27/7/20,1398,3/8/20,1422,10/8/20,1439,17/8/20,1429,24/8/20,1438,31/8/20,1442,7/9/20,1442,14/9/20,1431,21/9/20,1426,28/9/20,1435,5/10/20,1427,12/10/20,1435,19/10/20,1435,2/11/20,1425,9/11/20,1377,16/11/20,1380,23/11/20,1391,30/11/20,1384,7/12/20,1390,14/12/20,1400,21/12/20,1419,11/1/21,1456,18/1/21,1507,25/1/21,1521,1/2/21,1518,8/2/21,1521,15/2/21,1533,22/2/21,1536,1/3/21,1552,8/3/21,1562,15/3/21,1595,22/3/21,1616,29/3/21,1615,12/4/21,1635,19/4/21,1620,26/4/21,1624,3/5/21,1628,17/5/21,1632,24/5/21,1629,31/5/21,1632,7/6/21,1616,14/6/21,1625,21/6/21,1638,28/6/21,1649,5/7/21,1663,12/7/21,1698,19/7/21,1696,26/7/21,1692,2/8/21,1707,9/8/21,1713,16/8/21,1714,23/8/21,1712,30/8/21,1697,6/9/21,1698,13/9/21,1723,20/9/21,1720,27/9/21,1717,4/10/21,1738,11/10/21,1756,18/10/21,1762,25/10/21,1807,1/11/21,1815,8/11/21,1917,15/11/21,1874,22/11/21,1874,29/11/21,1857,6/12/21,1818,13/12/21,1775,20/12/21,1794,3/1/22,1875,10/1/22,1862,17/1/22,1857,24/1/22,1892,31/1/22,1888,7/2/22,1906,14/2/22,1929,21/2/22,1937,28/2/22,1963,7/3/22,2095,14/3/22,2229,21/3/22,2130,28/3/22,2144,4/4/22,2150,11/4/22,2166,25/4/22,2174,2/5/22,2159,9/5/22,2218,16/5/22,2257,23/5/22,2370,30/5/22,2368,6/6/22,2499,13/6/22,2558,20/6/22,2545,27/6/22,2523,4/7/22,2409
Francia,1/1/18,1408,8/1/18,1468,15/1/18,1475,22/1/18,1476,29/1/18,1478,5/2/18,1479,12/2/18,1477,19/2/18,1461,26/2/18,1454,5/3/18,1457,12/3/18,1453,19/3/18,1447,26/3/18,1465,9/4/18,1481,16/4/18,1484,23/4/18,1491,30/4/18,1501,7/5/18,1504,14/5/18,1520,21/5/18,1543,28/5/18,1564,4/6/18,1561,11/6/18,1549,18/6/18,1547,25/6/18,1539,2/7/18,1534,9/7/18,1532,16/7/18,1542,23/7/18,1532,30/7/18,1525,6/8/18,1545,13/8/18,1547,20/8/18,1545,27/8/18,1547,3/9/18,1544,10/9/18,1562,17/9/18,1558,24/9/18,1552,1/10/18,1552,8/10/18,1573,15/10/18,1574,22/10/18,1555,29/10/18,1537,5/11/18,1535,12/11/18,1477,19/11/18,1459,26/11/18,1453,3/12/18,1430,10/12/18,1435,17/12/18,1432,7/1/19,1407,14/1/19,1421,21/1/19,1432,28/1/19,1435,4/2/19,1435,11/2/19,1434,18/2/19,1441,25/2/19,1459,4/3/19,1470,11/3/19,1475,18/3/19,1485,25/3/19,1496,1/4/19,1525,8/4/19,1546,15/4/19,1565,29/4/19,1580,6/5/19,1580,13/5/19,1581,20/5/19,1580,27/5/19,1594,3/6/19,1543,10/6/19,1543,17/6/19,1515,24/6/19,1508,1/7/19,1510,8/7/19,1492,15/7/19,1521,22/7/19,1531,29/7/19,1518,5/8/19,1519,12/8/19,1507,19/8/19,1493,26/8/19,1492,2/9/19,1491,9/9/19,1477,16/9/19,1489,23/9/19,1510,30/9/19,1510,7/10/19,1505,14/10/19,1506,21/10/19,1497,28/10/19,1492,4/11/19,1499,11/11/19,1511,18/11/19,1512,25/11/19,1510,2/12/19,1518,9/12/19,1520,16/12/19,1521,6/1/20,1536,13/1/20,1548,20/1/20,1540,27/1/20,1534,3/2/20,1516,10/2/20,1498,17/2/20,1494,24/2/20,1488,2/3/20,1488,9/3/20,1404,16/3/20,1404,23/3/20,1333,30/3/20,1304,6/4/20,1288,20/4/20,1262,27/4/20,1245,4/5/20,1229,11/5/20,1230,18/5/20,1244,25/5/20,1268,1/6/20,1282,8/6/20,1312,15/6/20,1312,22/6/20,1318,29/6/20,1338,6/7/20,1329,13/7/20,1344,20/7/20,1348,27/7/20,1345,3/8/20,1327,10/8/20,1328,17/8/20,1331,24/8/20,1335,31/8/20,1332,7/9/20,1332,14/9/20,1333,21/9/20,1326,28/9/20,1328,5/10/20,1330,12/10/20,1336,19/10/20,1340,2/11/20,1328,9/11/20,1319,16/11/20,1323,23/11/20,1329,30/11/20,1338,7/12/20,1345,14/12/20,1350,21/12/20,1357,11/1/21,1389,18/1/21,1417,25/1/21,1425,1/2/21,1425,8/2/21,1434,15/2/21,1445,22/2/21,1465,1/3/21,1480,8/3/21,1490,15/3/21,1509,22/3/21,1521,29/3/21,1512,12/4/21,1514,19/4/21,1516,26/4/21,1520,3/5/21,1530,17/5/21,1523,24/5/21,1523,31/5/21,1520,7/6/21,1528,14/6/21,1531,21/6/21,1536,28/6/21,1548,5/7/21,1565,12/7/21,1568,19/7/21,1584,26/7/21,1582,2/8/21,1572,9/8/21,1587,16/8/21,1585,23/8/21,1577,30/8/21,1569,6/9/21,1568,13/9/21,1585,20/9/21,1589,27/9/21,1587,4/10/21,1604,11/10/21,1633,18/10/21,1656,25/10/21,1648,1/11/21,1659,8/11/21,1662,15/11/21,1665,22/11/21,1665,29/11/21,1652,6/12/21,1633,13/12/21,1632,20/12/21,1634,3/1/22,1629,10/1/22,1682,17/1/22,1706,24/1/22,1724,31/1/22,1746,7/2/22,1765,14/2/22,1781,21/2/22,1792,28/2/22,1813,7/3/22,1888,14/3/22,2082,21/3/22,1973,28/3/22,2004,4/4/22,1832,11/4/22,1792,25/4/22,1790,2/5/22,1802,9/5/22,1865,16/5/22,1892,23/5/22,1972,30/5/22,1962,6/6/22,2101,13/6/22,2130,20/6/22,2128,27/6/22,2086,4/7/22,2082
Alemania,1/1/18,1378,8/1/18,1376,15/1/18,1352,22/1/18,1356,29/1/18,1371,5/2/18,1371,12/2/18,1355,19/2/18,1339,26/2/18,1340,5/3/18,1340,12/3/18,1326,19/3/18,1325,26/3/18,1318,9/4/18,1366,16/4/18,1383,23/4/18,1394,30/4/18,1412,7/5/18,1412,14/5/18,1441,21/5/18,1474,28/5/18,1475,4/6/18,1472,11/6/18,1459,18/6/18,1454,25/6/18,1444,2/7/18,1462,9/7/18,1458,16/7/18,1455,23/7/18,1451,30/7/18,1466,6/8/18,1475,13/8/18,1479,20/8/18,1481,27/8/18,1490,3/9/18,1499,10/9/18,1511,17/9/18,1519,24/9/18,1512,1/10/18,1510,8/10/18,1528,15/10/18,1513,22/10/18,1521,29/10/18,1547,5/11/18,1555,12/11/18,1556,19/11/18,1540,26/11/18,1509,3/12/18,1485,10/12/18,1460,17/12/18,1425,7/1/19,1352,14/1/19,1353,21/1/19,1338,28/1/19,1330,4/2/19,1332,11/2/19,1328,18/2/19,1348,25/2/19,1336,4/3/19,1352,11/3/19,1359,18/3/19,1346,25/3/19,1382,1/4/19,1407,8/4/19,1430,15/4/19,1461,29/4/19,1495,6/5/19,1509,13/5/19,1508,20/5/19,1533,27/5/19,1539,3/6/19,1496,10/6/19,1496,17/6/19,1485,24/6/19,1481,1/7/19,1474,8/7/19,1460,15/7/19,1478,22/7/19,1436,29/7/19,1450,5/8/19,1451,12/8/19,1423,19/8/19,1420,26/8/19,1409,2/9/19,1402,9/9/19,1404,16/9/19,1403,23/9/19,1416,30/9/19,1408,7/10/19,1408,14/10/19,1402,21/10/19,1389,28/10/19,1385,4/11/19,1393,11/11/19,1398,18/11/19,1395,25/11/19,1401,2/12/19,1401,9/12/19,1387,16/12/19,1371,6/1/20,1419,13/1/20,1400,20/1/20,1401,27/1/20,1393,3/2/20,1397,10/2/20,1396,17/2/20,1402,24/2/20,1413,2/3/20,1373,9/3/20,1303,16/3/20,1303,23/3/20,1264,30/3/20,1245,6/4/20,1234,20/4/20,1192,27/4/20,1170,4/5/20,1169,11/5/20,1191,18/5/20,1199,25/5/20,1216,1/6/20,1222,8/6/20,1265,15/6/20,1265,22/6/20,1292,29/6/20,1297,6/7/20,1289,13/7/20,1300,20/7/20,1290,27/7/20,1300,3/8/20,1283,10/8/20,1283,17/8/20,1287,24/8/20,1289,31/8/20,1297,7/9/20,1290,14/9/20,1283,21/9/20,1289,28/9/20,1284,5/10/20,1289,12/10/20,1293,19/10/20,1281,2/11/20,1238,9/11/20,1237,16/11/20,1261,23/11/20,1263,30/11/20,1272,7/12/20,1267,14/12/20,1257,21/12/20,1281,11/1/21,1392,18/1/21,1406,25/1/21,1408,1/2/21,1409,8/2/21,1425,15/2/21,1429,22/2/21,1463,1/3/21,1486,8/3/21,1506,15/3/21,1524,22/3/21,1508,29/3/21,1513,12/4/21,1517,19/4/21,1526,26/4/21,1522,3/5/21,1526,17/5/21,1538,24/5/21,1541,31/5/21,1548,7/6/21,1549,14/6/21,1556,21/6/21,1564,28/6/21,1587,5/7/21,1594,12/7/21,1603,19/7/21,1615,26/7/21,1613,2/8/21,1623,9/8/21,1621,16/8/21,1623,23/8/21,1603,30/8/21,1616,6/9/21,1624,13/9/21,1629,20/9/21,1636,27/9/21,1633,4/10/21,1667,11/10/21,1702,18/10/21,1730,25/10/21,1735,1/11/21,1742,8/11/21,1752,15/11/21,1741,22/11/21,1741,29/11/21,1714,6/12/21,1663,13/12/21,1671,20/12/21,1659,3/1/22,1718,10/1/22,1718,17/1/22,1732,24/1/22,1743,31/1/22,1772,7/2/22,1789,14/2/22,1806,21/2/22,1804,28/2/22,1873,7/3/22,2067,14/3/22,2259,21/3/22,2144,28/3/22,2126,4/4/22,2056,11/4/22,2026,25/4/22,2029,2/5/22,2059,9/5/22,2093,16/5/22,2131,23/5/22,2154,30/5/22,2193,6/6/22,1999,13/6/22,2007,20/6/22,1974,27/6/22,1929,4/7/22,1900
Grecia,1/1/18,1534,8/1/18,1540,15/1/18,1544,22/1/18,1549,29/1/18,1550,5/2/18,1549,12/2/18,1550,19/2/18,1550,26/2/18,1550,5/3/18,1528,12/3/18,1525,19/3/18,1524,26/3/18,1533,9/4/18,1533,16/4/18,1557,23/4/18,1564,30/4/18,1575,7/5/18,1587,14/5/18,1601,21/5/18,1624,28/5/18,1647,4/6/18,1654,11/6/18,1654,18/6/18,1642,25/6/18,1635,2/7/18,1633,9/7/18,1643,16/7/18,1645,23/7/18,1639,30/7/18,1637,6/8/18,1643,13/8/18,1644,20/8/18,1644,27/8/18,1643,3/9/18,1643,10/9/18,1647,17/9/18,1646,24/9/18,1641,1/10/18,1640,8/10/18,1660,15/10/18,1667,22/10/18,1658,29/10/18,1642,5/11/18,1631,12/11/18,1605,19/11/18,1583,26/11/18,1554,3/12/18,1530,10/12/18,1518,17/12/18,1510,7/1/19,1475,14/1/19,1481,21/1/19,1488,28/1/19,1491,4/2/19,1490,11/2/19,1492,18/2/19,1506,25/2/19,1531,4/3/19,1539,11/3/19,1548,18/3/19,1563,25/3/19,1572,1/4/19,1590,8/4/19,1611,15/4/19,1630,29/4/19,1648,6/5/19,1651,13/5/19,1645,20/5/19,1641,27/5/19,1645,3/6/19,1611,10/6/19,1611,17/6/19,1601,24/6/19,1594,1/7/19,1599,8/7/19,1605,15/7/19,1623,22/7/19,1629,29/7/19,1625,5/8/19,1625,12/8/19,1612,19/8/19,1604,26/8/19,1598,2/9/19,1595,9/9/19,1590,16/9/19,1589,23/9/19,1611,30/9/19,1611,7/10/19,1605,14/10/19,1596,21/10/19,1587,28/10/19,1582,4/11/19,1583,11/11/19,1588,18/11/19,1589,25/11/19,1590,2/12/19,1597,9/12/19,1595,16/12/19,1591,6/1/20,1616,13/1/20,1623,20/1/20,1621,27/1/20,1617,3/2/20,1605,10/2/20,1596,17/2/20,1592,24/2/20,1596,2/3/20,1592,9/3/20,1500,16/3/20,1500,23/3/20,1440,30/3/20,1407,6/4/20,1376,20/4/20,1347,27/4/20,1324,4/5/20,1311,11/5/20,1317,18/5/20,1323,25/5/20,1349,1/6/20,1360,8/6/20,1388,15/6/20,1388,22/6/20,1403,29/6/20,1422,6/7/20,1425,13/7/20,1429,20/7/20,1430,27/7/20,1431,3/8/20,1428,10/8/20,1427,17/8/20,1430,24/8/20,1431,31/8/20,1433,7/9/20,1432,14/9/20,1427,21/9/20,1423,28/9/20,1423,5/10/20,1424,12/10/20,1423,19/10/20,1422,2/11/20,1412,9/11/20,1408,16/11/20,1414,23/11/20,1415,30/11/20,1420,7/12/20,1423,14/12/20,1427,21/12/20,1432,11/1/21,1446,18/1/21,1469,25/1/21,1479,1/2/21,1483,8/2/21,1499,15/2/21,1520,22/2/21,1539,1/3/21,1559,8/3/21,1572,15/3/21,1593,22/3/21,1601,29/3/21,1600,12/4/21,1600,19/4/21,1600,26/4/21,1600,3/5/21,1609,17/5/21,1613,24/5/21,1612,31/5/21,1610,7/6/21,1613,14/6/21,1618,21/6/21,1629,28/6/21,1649,5/7/21,1662,12/7/21,1674,19/7/21,1683,26/7/21,1683,2/8/21,1690,9/8/21,1692,16/8/21,1690,23/8/21,1686,30/8/21,1682,6/9/21,1682,13/9/21,1695,20/9/21,1702,27/9/21,1703,4/10/21,1711,11/10/21,1739,18/10/21,1753,25/10/21,1765,1/11/21,1773,8/11/21,1774,15/11/21,1764,22/11/21,1764,29/11/21,1763,6/12/21,1740,13/12/21,1740,20/12/21,1737,3/1/22,1747,10/1/22,1747,17/1/22,1778,24/1/22,1778,31/1/22,1824,7/2/22,1850,14/2/22,1865,21/2/22,1884,28/2/22,1913,7/3/22,1944,14/3/22,2110,21/3/22,2040,28/3/22,2067,4/4/22,2059,11/4/22,2046,25/4/22,2074,2/5/22,2107,9/5/22,2171,16/5/22,2205,23/5/22,2267,30/5/22,2277,6/6/22,2356,13/6/22,2408,20/6/22,2424,27/6/22,2400,4/7/22,2392
Hungría,1/1/18,1155,8/1/18,1170,15/1/18,1176,22/1/18,1183,29/1/18,1184,5/2/18,1189,12/2/18,1170,19/2/18,1138,26/2/18,1126,5/3/18,1144,12/3/18,1151,19/3/18,1145,26/3/18,1151,9/4/18,1180,16/4/18,1186,23/4/18,1188,30/4/18,1201,7/5/18,1207,14/5/18,1212,21/5/18,1234,28/5/18,1250,4/6/18,1253,11/6/18,1231,18/6/18,1220,25/6/18,1211,2/7/18,1195,9/7/18,1253,16/7/18,1252,23/7/18,1210,30/7/18,1235,6/8/18,1257,13/8/18,1238,20/8/18,1240,27/8/18,1233,3/9/18,1237,10/9/18,1248,17/9/18,1238,24/9/18,1236,1/10/18,1228,8/10/18,1252,15/10/18,1257,22/10/18,1222,29/10/18,1211,5/11/18,1215,12/11/18,1183,19/11/18,1162,26/11/18,1131,3/12/18,1097,10/12/18,1090,17/12/18,1089,7/1/19,1067,14/1/19,1066,21/1/19,1091,28/1/19,1092,4/2/19,1081,11/2/19,1084,18/2/19,1101,25/2/19,1136,4/3/19,1150,11/3/19,1150,18/3/19,1166,25/3/19,1165,1/4/19,1177,8/4/19,1223,15/4/19,1237,29/4/19,1244,6/5/19,1258,13/5/19,1249,20/5/19,1237,27/5/19,1268,3/6/19,1230,10/6/19,1230,17/6/19,1190,24/6/19,1162,1/7/19,1183,8/7/19,1199,15/7/19,1205,22/7/19,1229,29/7/19,1203,5/8/19,1212,12/8/19,1202,19/8/19,1165,26/8/19,1144,2/9/19,1151,9/9/19,1154,16/9/19,1148,23/9/19,1160,30/9/19,1174,7/10/19,1171,14/10/19,1171,21/10/19,1151,28/10/19,1158,4/11/19,1161,11/11/19,1157,18/11/19,1154,25/11/19,1154,2/12/19,1180,9/12/19,1164,16/12/19,1167,6/1/20,1208,13/1/20,1190,20/1/20,1173,27/1/20,1169,3/2/20,1145,10/2/20,1135,17/2/20,1135,24/2/20,1139,2/3/20,1142,9/3/20,1017,16/3/20,1017,23/3/20,912,30/3/20,840,6/4/20,804,20/4/20,819,27/4/20,824,4/5/20,822,11/5/20,870,18/5/20,907,25/5/20,945,1/6/20,991,8/6/20,997,15/6/20,997,22/6/20,1007,29/6/20,1016,6/7/20,1041,13/7/20,1047,20/7/20,1060,27/7/20,1074,3/8/20,1061,10/8/20,1051,17/8/20,1067,24/8/20,1061,31/8/20,1068,7/9/20,1038,14/9/20,1044,21/9/20,1022,28/9/20,1027,5/10/20,1045,12/10/20,1048,19/10/20,1011,2/11/20,978,9/11/20,987,16/11/20,996,23/11/20,995,30/11/20,1009,7/12/20,1019,14/12/20,1037,21/12/20,1022,11/1/21,1042,18/1/21,1079,25/1/21,1097,1/2/21,1101,8/2/21,1099,15/2/21,1124,22/2/21,1127,1/3/21,1140,8/3/21,1150,15/3/21,1179,22/3/21,1189,29/3/21,1186,12/4/21,1191,19/4/21,1167,26/4/21,1169,3/5/21,1207,17/5/21,1221,24/5/21,1244,31/5/21,1218,7/6/21,1231,14/6/21,1220,21/6/21,1222,28/6/21,1250,5/7/21,1257,12/7/21,1258,19/7/21,1258,26/7/21,1245,2/8/21,1279,9/8/21,1281,16/8/21,1273,23/8/21,1276,30/8/21,1265,6/9/21,1295,13/9/21,1296,20/9/21,1302,27/9/21,1277,4/10/21,1311,11/10/21,1339,18/10/21,1361,25/10/21,1358,1/11/21,1406,8/11/21,1401,15/11/21,1299,22/11/21,1299,29/11/21,1300,6/12/21,1313,13/12/21,1271,20/12/21,1293,3/1/22,1293,10/1/22,1331,17/1/22,1338,24/1/22,1329,31/1/22,1342,7/2/22,1357,14/2/22,1343,21/2/22,1341,28/2/22,1297,7/3/22,1220,14/3/22,1283,21/3/22,1281,28/3/22,1282,4/4/22,1299,11/4/22,1268,25/4/22,1282,2/5/22,1267,9/5/22,1252,16/5/22,1243,23/5/22,1257,30/5/22,1240,6/6/22,1263,13/6/22,1230,20/6/22,1226,27/6/22,1216,4/7/22,1223
Irlanda,1/1/18,1389,8/1/18,1389,15/1/18,1399,22/1/18,1399,29/1/18,1389,5/2/18,1389,12/2/18,1389,19/2/18,1389,26/2/18,1379,5/3/18,1389,12/3/18,1369,19/3/18,1359,26/3/18,1369,9/4/18,1379,16/4/18,1389,23/4/18,1399,30/4/18,1399,7/5/18,1399,14/5/18,1429,21/5/18,1429,28/5/18,1469,4/6/18,1459,11/6/18,1489,18/6/18,1449,25/6/18,1499,2/7/18,1449,9/7/18,1439,16/7/18,1479,23/7/18,1439,30/7/18,1459,6/8/18,1479,13/8/18,1459,20/8/18,1459,27/8/18,1459,3/9/18,1459,10/9/18,1459,17/9/18,1469,24/9/18,1459,1/10/18,1459,8/10/18,1499,15/10/18,1499,22/10/18,1499,29/10/18,1479,5/11/18,1499,12/11/18,1499,19/11/18,1499,26/11/18,1499,3/12/18,1479,10/12/18,1429,17/12/18,1399,7/1/19,1349,14/1/19,1339,21/1/19,1319,28/1/19,1319,4/2/19,1329,11/2/19,1349,18/2/19,1328,25/2/19,1349,4/3/19,1349,11/3/19,1359,18/3/19,1359,25/3/19,1359,1/4/19,1369,8/4/19,1389,15/4/19,1399,29/4/19,1431,6/5/19,1442,13/5/19,1439,20/5/19,1442,27/5/19,1447,3/6/19,1446,10/6/19,1446,17/6/19,1442,24/6/19,1439,1/7/19,1436,8/7/19,1419,15/7/19,1415,22/7/19,1402,29/7/19,1417,5/8/19,1416,12/8/19,1437,19/8/19,1430,26/8/19,1429,2/9/19,1421,9/9/19,1425,16/9/19,1414,23/9/19,1418,30/9/19,1416,7/10/19,1418,14/10/19,1430,21/10/19,1426,28/10/19,1421,4/11/19,1419,11/11/19,1412,18/11/19,1412,25/11/19,1415,2/12/19,1416,9/12/19,1426,16/12/19,1431,6/1/20,1445,13/1/20,1455,20/1/20,1457,27/1/20,1457,3/2/20,1455,10/2/20,1450,17/2/20,1438,24/2/20,1431,2/3/20,1428,9/3/20,1426,16/3/20,1426,23/3/20,1311,30/3/20,1272,6/4/20,1252,20/4/20,1244,27/4/20,1240,4/5/20,1230,11/5/20,1224,18/5/20,1219,25/5/20,1213,1/6/20,1212,8/6/20,1220,15/6/20,1220,22/6/20,1229,29/6/20,1234,6/7/20,1236,13/7/20,1238,20/7/20,1257,27/7/20,1255,3/8/20,1257,10/8/20,1259,17/8/20,1268,24/8/20,1261,31/8/20,1259,7/9/20,1252,14/9/20,1253,21/9/20,1251,28/9/20,1247,5/10/20,1239,12/10/20,1238,19/10/20,1251,2/11/20,1250,9/11/20,1255,16/11/20,1253,23/11/20,1255,30/11/20,1255,7/12/20,1263,14/12/20,1266,21/12/20,1275,11/1/21,1301,18/1/21,1316,25/1/21,1318,1/2/21,1332,8/2/21,1333,15/2/21,1337,22/2/21,1357,1/3/21,1372,8/3/21,1395,15/3/21,1431,22/3/21,1449,29/3/21,1456,12/4/21,1464,19/4/21,1460,26/4/21,1461,3/5/21,1464,17/5/21,1470,24/5/21,1475,31/5/21,1481,7/6/21,1483,14/6/21,1482,21/6/21,1486,28/6/21,1495,5/7/21,1516,12/7/21,1532,19/7/21,1533,26/7/21,1537,2/8/21,1534,9/8/21,1536,16/8/21,1540,23/8/21,1546,30/8/21,1541,6/9/21,1538,13/9/21,1546,20/9/21,1546,27/9/21,1534,4/10/21,1570,11/10/21,1594,18/10/21,1648,25/10/21,1648,1/11/21,1696,8/11/21,1714,15/11/21,1730,22/11/21,1730,29/11/21,1722,6/12/21,1719,13/12/21,1700,20/12/21,1699,3/1/22,1677,10/1/22,1678,17/1/22,1678,24/1/22,1729,31/1/22,1739,7/2/22,1743,14/2/22,1769,21/2/22,1761,28/2/22,1819,7/3/22,1919,14/3/22,1879,21/3/22,1839,28/3/22,1839,4/4/22,1859,11/4/22,1826,25/4/22,1819,2/5/22,1819,9/5/22,1839,16/5/22,1859,23/5/22,1939,30/5/22,1989,6/6/22,1989,13/6/22,2169,20/6/22,2169,27/6/22,2169,4/7/22,2159